insert into user (id, firstname, lastname, email, password, hashed_password, image_path) values (1, 'Tess', 'Gerardot', 'tgerardot0@pinterest.com', 'test', 'dGVzdA==', '2.jpg');
insert into user (id, firstname, lastname, email, password, hashed_password, image_path) values (2, 'Loutitia', 'Connor', 'lconnor1@google.com', 'test', 'dGVzdA==', '5.jpg');
insert into user (id, firstname, lastname, email, password, hashed_password, image_path) values (3, 'Justen', 'Bentzen', 'jbentzen2@economist.com', 'test', 'dGVzdA==', '6.jpg');
insert into user (id, firstname, lastname, email, password, hashed_password, image_path) values (4, 'Charlotte', 'Fadden', 'cfadden3@free.fr', 'test', 'dGVzdA==', '7.jpg');
insert into user (id, firstname, lastname, email, password, hashed_password, image_path) values (5, 'Daisey', 'Donaghy', 'ddonaghy4@webs.com', 'test', 'dGVzdA==', '5.jpg');
insert into user (id, firstname, lastname, email, password, hashed_password, image_path) values (6, 'Lenka', 'Tregidgo', 'ltregidgo5@booking.com', 'test', 'dGVzdA==', '2.jpg');
insert into user (id, firstname, lastname, email, password, hashed_password, image_path) values (7, 'Audrye', 'Burdas', 'aburdas6@slate.com', 'test', 'dGVzdA==', '9.jpg');
insert into user (id, firstname, lastname, email, password, hashed_password, image_path) values (8, 'Nola', 'McCluin', 'nmccluin7@cyberchimps.com', 'test', 'dGVzdA==', '2.jpg');
insert into user (id, firstname, lastname, email, password, hashed_password, image_path) values (9, 'Ann-marie', 'Dorie', 'adorie8@etsy.com', 'test', 'dGVzdA==', '4.jpg');
insert into user (id, firstname, lastname, email, password, hashed_password, image_path) values (10, 'Wadsworth', 'Huckabe', 'whuckabe9@yahoo.com', 'test', 'dGVzdA==', '8.jpg');
insert into user (id, firstname, lastname, email, password, hashed_password, image_path) values (11, 'Kalli', 'Snoddin', 'ksnoddina@devhub.com', 'test', 'dGVzdA==', '6.jpg');
insert into user (id, firstname, lastname, email, password, hashed_password, image_path) values (12, 'Armand', 'Norwich', 'anorwichb@over-blog.com', 'test', 'dGVzdA==', '6.jpg');
insert into user (id, firstname, lastname, email, password, hashed_password, image_path) values (13, 'Lisa', 'Synnot', 'lsynnotc@drupal.org', 'test', 'dGVzdA==', '1.jpg');
insert into user (id, firstname, lastname, email, password, hashed_password, image_path) values (14, 'Kylie', 'Liddell', 'kliddelld@fastcompany.com', 'test', 'dGVzdA==', '7.jpg');
insert into user (id, firstname, lastname, email, password, hashed_password, image_path) values (15, 'Alon', 'Haggidon', 'ahaggidone@ebay.com', 'test', 'dGVzdA==', '6.jpg');
insert into user (id, firstname, lastname, email, password, hashed_password, image_path) values (16, 'Benedetta', 'Rhelton', 'brheltonf@bravesites.com', 'test', 'dGVzdA==', '5.jpg');
insert into user (id, firstname, lastname, email, password, hashed_password, image_path) values (17, 'Gwendolyn', 'Stabbins', 'gstabbinsg@addtoany.com', 'test', 'dGVzdA==', '7.jpg');
insert into user (id, firstname, lastname, email, password, hashed_password, image_path) values (18, 'Kirstyn', 'Broady', 'kbroadyh@ycombinator.com', 'test', 'dGVzdA==', '2.jpg');
insert into user (id, firstname, lastname, email, password, hashed_password, image_path) values (19, 'Ailee', 'Lamb', 'alambi@bloglines.com', 'test', 'dGVzdA==', '3.jpg');
insert into user (id, firstname, lastname, email, password, hashed_password, image_path) values (20, 'Enrico', 'Everix', 'eeverixj@gov.uk', 'test', 'dGVzdA==', '4.jpg');


insert into article (id, poster_id, body, title, post_date) values (1, 16, 'nisl nunc rhoncus dui vel sem sed sagittis nam congue', 'sapien sapien', '2016-09-10 22:59:51');
insert into article (id, poster_id, body, title, post_date) values (2, 12, 'augue luctus tincidunt nulla mollis molestie lorem quisque ut erat curabitur gravida nisi at nibh in hac habitasse', 'non velit', '2017-01-08 07:44:09');
insert into article (id, poster_id, body, title, post_date) values (3, 8, 'pellentesque at nulla suspendisse potenti cras in purus eu magna vulputate luctus', 'ornare consequat', '2017-05-24 15:22:29');
insert into article (id, poster_id, body, title, post_date) values (4, 19, 'nullam varius nulla facilisi cras non velit nec nisi vulputate nonummy maecenas tincidunt lacus', 'iaculis', '2017-01-01 07:03:48');
insert into article (id, poster_id, body, title, post_date) values (5, 14, 'lectus suspendisse potenti in eleifend quam a odio in hac habitasse platea dictumst maecenas ut massa', 'est', '2017-02-21 13:53:40');
insert into article (id, poster_id, body, title, post_date) values (6, 19, 'sit amet consectetuer adipiscing elit proin interdum mauris non ligula pellentesque ultrices phasellus id', 'arcu adipiscing', '2016-12-31 22:51:14');
insert into article (id, poster_id, body, title, post_date) values (7, 6, 'mauris vulputate elementum nullam varius nulla facilisi cras non velit nec nisi vulputate nonummy maecenas tincidunt lacus at velit vivamus', 'nam nulla', '2017-01-17 05:18:28');
insert into article (id, poster_id, body, title, post_date) values (8, 18, 'in faucibus orci luctus et ultrices posuere cubilia curae nulla', 'rhoncus sed vestibulum', '2017-04-26 21:45:10');
insert into article (id, poster_id, body, title, post_date) values (9, 20, 'arcu adipiscing molestie hendrerit at vulputate vitae nisl aenean lectus pellentesque', 'cras mi pede', '2017-01-19 12:27:57');
insert into article (id, poster_id, body, title, post_date) values (10, 18, 'consequat metus sapien ut nunc vestibulum ante ipsum primis in faucibus orci luctus et ultrices posuere', 'vulputate nonummy', '2016-10-05 17:05:53');
insert into article (id, poster_id, body, title, post_date) values (11, 5, 'nulla eget eros elementum pellentesque quisque porta volutpat erat quisque erat eros viverra eget congue', 'ut nunc vestibulum', '2017-05-01 00:33:40');
insert into article (id, poster_id, body, title, post_date) values (12, 19, 'curae mauris viverra diam vitae quam suspendisse potenti nullam porttitor lacus at', 'vel augue', '2016-09-13 12:25:55');
insert into article (id, poster_id, body, title, post_date) values (13, 2, 'suspendisse potenti in eleifend quam a odio in hac habitasse platea dictumst maecenas ut massa quis augue luctus tincidunt nulla', 'tincidunt lacus', '2016-06-16 17:37:19');
insert into article (id, poster_id, body, title, post_date) values (14, 17, 'dapibus duis at velit eu est congue elementum in hac habitasse platea dictumst morbi vestibulum velit id pretium iaculis diam', 'ante', '2017-04-05 20:20:47');
insert into article (id, poster_id, body, title, post_date) values (15, 18, 'justo lacinia eget tincidunt eget tempus vel pede morbi porttitor lorem id ligula suspendisse ornare consequat lectus', 'eget massa', '2017-05-07 02:37:32');
insert into article (id, poster_id, body, title, post_date) values (16, 2, 'risus dapibus augue vel accumsan tellus nisi eu orci mauris lacinia sapien quis libero nullam sit amet turpis', 'velit nec nisi', '2017-01-25 00:25:24');
insert into article (id, poster_id, body, title, post_date) values (17, 17, 'molestie sed justo pellentesque viverra pede ac diam cras pellentesque volutpat', 'congue etiam', '2016-06-11 17:50:36');
insert into article (id, poster_id, body, title, post_date) values (18, 4, 'pede libero quis orci nullam molestie nibh in lectus pellentesque at nulla suspendisse', 'rutrum nulla', '2017-03-26 21:33:44');
insert into article (id, poster_id, body, title, post_date) values (19, 7, 'sit amet nulla quisque arcu libero rutrum ac lobortis vel dapibus', 'venenatis', '2017-04-24 05:04:27');
insert into article (id, poster_id, body, title, post_date) values (20, 12, 'primis in faucibus orci luctus et ultrices posuere cubilia curae duis faucibus accumsan', 'mi in', '2016-06-30 14:02:03');
insert into article (id, poster_id, body, title, post_date) values (21, 16, 'neque libero convallis eget eleifend luctus ultricies eu nibh quisque', 'massa id nisl', '2016-12-14 09:22:54');
insert into article (id, poster_id, body, title, post_date) values (22, 5, 'odio odio elementum eu interdum eu tincidunt in leo maecenas pulvinar lobortis est', 'quam', '2016-07-16 17:58:55');
insert into article (id, poster_id, body, title, post_date) values (23, 9, 'tellus nulla ut erat id mauris vulputate elementum nullam varius nulla facilisi cras non velit', 'et eros vestibulum', '2017-01-26 16:43:22');
insert into article (id, poster_id, body, title, post_date) values (24, 17, 'mattis nibh ligula nec sem duis aliquam convallis nunc proin at turpis', 'sapien iaculis congue', '2016-10-22 00:08:13');
insert into article (id, poster_id, body, title, post_date) values (25, 14, 'eleifend donec ut dolor morbi vel lectus in quam fringilla rhoncus mauris enim leo rhoncus sed', 'vitae nisi nam', '2016-07-02 15:10:50');
insert into article (id, poster_id, body, title, post_date) values (26, 8, 'etiam pretium iaculis justo in hac habitasse platea dictumst etiam faucibus cursus urna ut tellus nulla ut erat', 'natoque', '2017-05-03 19:52:16');
insert into article (id, poster_id, body, title, post_date) values (27, 5, 'platea dictumst etiam faucibus cursus urna ut tellus nulla ut erat id mauris vulputate elementum nullam varius nulla', 'hac', '2017-03-22 09:32:57');
insert into article (id, poster_id, body, title, post_date) values (28, 12, 'sit amet consectetuer adipiscing elit proin interdum mauris non ligula pellentesque ultrices phasellus id sapien in sapien iaculis congue', 'eros viverra eget', '2017-05-24 04:26:40');
insert into article (id, poster_id, body, title, post_date) values (29, 5, 'vehicula consequat morbi a ipsum integer a nibh in quis justo maecenas rhoncus', 'magna', '2016-08-08 17:24:19');
insert into article (id, poster_id, body, title, post_date) values (30, 14, 'sed ante vivamus tortor duis mattis egestas metus aenean fermentum donec ut mauris eget massa tempor convallis nulla neque libero', 'a', '2016-09-28 00:35:32');


insert into comment (id, poster_id, article_id, body, post_date) values (1, 12, 8, 'integer non velit donec diam neque vestibulum eget', '2016-06-21 20:02:16');
insert into comment (id, poster_id, article_id, body, post_date) values (2, 2, 14, 'interdum eu tincidunt in leo maecenas pulvinar lobortis', '2017-03-18 15:53:31');
insert into comment (id, poster_id, article_id, body, post_date) values (3, 10, 9, 'quis tortor id nulla ultrices aliquet maecenas leo odio condimentum', '2016-07-03 22:30:01');
insert into comment (id, poster_id, article_id, body, post_date) values (4, 2, 15, 'in libero ut massa volutpat', '2016-06-18 20:20:58');
insert into comment (id, poster_id, article_id, body, post_date) values (5, 1, 16, 'nec nisi vulputate nonummy maecenas', '2016-07-09 10:23:01');
insert into comment (id, poster_id, article_id, body, post_date) values (6, 7, 1, 'amet consectetuer adipiscing elit proin interdum mauris non ligula pellentesque', '2016-10-21 16:30:45');
insert into comment (id, poster_id, article_id, body, post_date) values (7, 16, 25, 'nascetur ridiculus mus etiam vel augue vestibulum rutrum rutrum neque', '2017-04-15 10:57:05');
insert into comment (id, poster_id, article_id, body, post_date) values (8, 13, 14, 'pellentesque quisque porta volutpat erat quisque erat eros viverra eget', '2016-07-27 23:52:29');
insert into comment (id, poster_id, article_id, body, post_date) values (9, 3, 20, 'risus dapibus augue vel accumsan tellus nisi', '2017-02-15 10:28:57');
insert into comment (id, poster_id, article_id, body, post_date) values (10, 5, 21, 'consequat varius integer ac leo pellentesque ultrices', '2017-02-17 09:56:59');
insert into comment (id, poster_id, article_id, body, post_date) values (11, 6, 11, 'nulla ut erat id mauris', '2017-04-26 12:05:13');
insert into comment (id, poster_id, article_id, body, post_date) values (12, 6, 8, 'id turpis integer aliquet massa id lobortis convallis tortor risus', '2017-05-20 01:01:53');
insert into comment (id, poster_id, article_id, body, post_date) values (13, 20, 2, 'elementum eu interdum eu tincidunt in leo maecenas', '2016-09-13 11:17:26');
insert into comment (id, poster_id, article_id, body, post_date) values (14, 5, 8, 'sit amet justo morbi ut odio', '2017-01-07 09:40:37');
insert into comment (id, poster_id, article_id, body, post_date) values (15, 14, 22, 'ipsum integer a nibh in quis', '2016-10-19 11:21:33');
insert into comment (id, poster_id, article_id, body, post_date) values (16, 6, 21, 'at turpis donec posuere metus vitae', '2016-12-31 13:19:23');
insert into comment (id, poster_id, article_id, body, post_date) values (17, 11, 5, 'quam a odio in hac habitasse platea dictumst maecenas ut', '2016-09-11 18:54:08');
insert into comment (id, poster_id, article_id, body, post_date) values (18, 14, 3, 'vulputate justo in blandit ultrices enim lorem ipsum', '2016-06-14 03:46:21');
insert into comment (id, poster_id, article_id, body, post_date) values (19, 13, 19, 'quis justo maecenas rhoncus aliquam lacus morbi', '2017-01-04 04:48:50');
insert into comment (id, poster_id, article_id, body, post_date) values (20, 10, 7, 'auctor gravida sem praesent id massa id nisl venenatis lacinia', '2017-05-18 14:03:38');
insert into comment (id, poster_id, article_id, body, post_date) values (21, 20, 7, 'donec diam neque vestibulum eget vulputate', '2017-02-22 03:07:29');
insert into comment (id, poster_id, article_id, body, post_date) values (22, 18, 25, 'id consequat in consequat ut nulla sed accumsan', '2017-04-17 08:41:16');
insert into comment (id, poster_id, article_id, body, post_date) values (23, 11, 27, 'ac neque duis bibendum morbi non quam', '2017-01-20 07:33:15');
insert into comment (id, poster_id, article_id, body, post_date) values (24, 8, 4, 'nunc vestibulum ante ipsum primis in faucibus orci', '2017-02-23 20:28:08');
insert into comment (id, poster_id, article_id, body, post_date) values (25, 9, 21, 'nascetur ridiculus mus vivamus vestibulum sagittis sapien', '2017-03-13 05:46:13');
insert into comment (id, poster_id, article_id, body, post_date) values (26, 10, 27, 'purus eu magna vulputate luctus cum sociis natoque penatibus et', '2017-03-01 03:08:57');
insert into comment (id, poster_id, article_id, body, post_date) values (27, 1, 24, 'nibh fusce lacus purus aliquet', '2017-04-22 14:32:32');
insert into comment (id, poster_id, article_id, body, post_date) values (28, 2, 18, 'elit proin interdum mauris non', '2017-02-03 13:44:00');
insert into comment (id, poster_id, article_id, body, post_date) values (29, 19, 27, 'sapien varius ut blandit non interdum', '2016-10-19 08:43:11');
insert into comment (id, poster_id, article_id, body, post_date) values (30, 11, 15, 'penatibus et magnis dis parturient montes nascetur ridiculus mus vivamus', '2016-09-30 13:03:03');
insert into comment (id, poster_id, article_id, body, post_date) values (31, 4, 3, 'quisque ut erat curabitur gravida nisi at nibh in hac', '2017-02-19 09:31:10');
insert into comment (id, poster_id, article_id, body, post_date) values (32, 7, 4, 'nec condimentum neque sapien placerat ante nulla justo aliquam quis', '2016-08-13 11:12:34');
insert into comment (id, poster_id, article_id, body, post_date) values (33, 10, 16, 'sed lacus morbi sem mauris laoreet', '2016-10-13 14:09:41');
insert into comment (id, poster_id, article_id, body, post_date) values (34, 11, 17, 'integer non velit donec diam neque vestibulum eget vulputate', '2017-01-11 11:30:44');
insert into comment (id, poster_id, article_id, body, post_date) values (35, 18, 26, 'nisl venenatis lacinia aenean sit amet justo morbi ut odio', '2017-02-01 08:10:12');
insert into comment (id, poster_id, article_id, body, post_date) values (36, 6, 27, 'in faucibus orci luctus et ultrices posuere cubilia curae mauris', '2017-05-13 21:07:06');
insert into comment (id, poster_id, article_id, body, post_date) values (37, 6, 19, 'lorem quisque ut erat curabitur', '2016-08-01 01:35:10');
insert into comment (id, poster_id, article_id, body, post_date) values (38, 10, 7, 'augue vel accumsan tellus nisi eu orci', '2016-09-29 16:54:16');
insert into comment (id, poster_id, article_id, body, post_date) values (39, 3, 6, 'libero non mattis pulvinar nulla pede ullamcorper', '2017-01-10 06:59:06');
insert into comment (id, poster_id, article_id, body, post_date) values (40, 6, 8, 'tristique est et tempus semper est quam pharetra magna ac', '2017-02-28 11:51:35');