insert into user (id, firstname, lastname, email, password) values (1, 'Lorens', 'Skudder', 'lskudder0@microsoft.com', '$2a$12$uxbx2iPR6tuzsqyfcRo0N.26EEdsedgNOs7KXe3SMxuWslGlZMEcu');
insert into user (id, firstname, lastname, email, password) values (2, 'Reagen', 'Throughton', 'rthroughton1@cbc.ca', '$2a$12$uxbx2iPR6tuzsqyfcRo0N.26EEdsedgNOs7KXe3SMxuWslGlZMEcu');
insert into user (id, firstname, lastname, email, password) values (3, 'Gabriell', 'Boldison', 'gboldison2@deliciousdays.com', '$2a$12$uxbx2iPR6tuzsqyfcRo0N.26EEdsedgNOs7KXe3SMxuWslGlZMEcu');
insert into user (id, firstname, lastname, email, password) values (4, 'Felice', 'Orrett', 'forrett3@reference.com', '$2a$12$uxbx2iPR6tuzsqyfcRo0N.26EEdsedgNOs7KXe3SMxuWslGlZMEcu');
insert into user (id, firstname, lastname, email, password) values (5, 'Tommi', 'Charopen', 'tcharopen4@etsy.com', '$2a$12$uxbx2iPR6tuzsqyfcRo0N.26EEdsedgNOs7KXe3SMxuWslGlZMEcu');
insert into user (id, firstname, lastname, email, password) values (6, 'Bernete', 'Lamasna', 'blamasna5@drupal.org', '$2a$12$uxbx2iPR6tuzsqyfcRo0N.26EEdsedgNOs7KXe3SMxuWslGlZMEcu');
insert into user (id, firstname, lastname, email, password) values (7, 'Fredra', 'Drinkhill', 'fdrinkhill6@lycos.com', '$2a$12$uxbx2iPR6tuzsqyfcRo0N.26EEdsedgNOs7KXe3SMxuWslGlZMEcu');
insert into user (id, firstname, lastname, email, password) values (8, 'Ebba', 'Barter', 'ebarter7@washingtonpost.com', '$2a$12$uxbx2iPR6tuzsqyfcRo0N.26EEdsedgNOs7KXe3SMxuWslGlZMEcu');
insert into user (id, firstname, lastname, email, password) values (9, 'Land', 'Klausewitz', 'lklausewitz8@squidoo.com', '$2a$12$uxbx2iPR6tuzsqyfcRo0N.26EEdsedgNOs7KXe3SMxuWslGlZMEcu');
insert into user (id, firstname, lastname, email, password) values (10, 'Jo-anne', 'Gomer', 'jgomer9@goo.gl', '$2a$12$uxbx2iPR6tuzsqyfcRo0N.26EEdsedgNOs7KXe3SMxuWslGlZMEcu');
insert into user (id, firstname, lastname, email, password) values (11, 'Danica', 'Yanshinov', 'dyanshinova@ifeng.com', '$2a$12$uxbx2iPR6tuzsqyfcRo0N.26EEdsedgNOs7KXe3SMxuWslGlZMEcu');
insert into user (id, firstname, lastname, email, password) values (12, 'Cornelle', 'Illingworth', 'cillingworthb@skype.com', '$2a$12$uxbx2iPR6tuzsqyfcRo0N.26EEdsedgNOs7KXe3SMxuWslGlZMEcu');
insert into user (id, firstname, lastname, email, password) values (13, 'Temp', 'Hubner', 'thubnerc@dailymail.co.uk', '$2a$12$uxbx2iPR6tuzsqyfcRo0N.26EEdsedgNOs7KXe3SMxuWslGlZMEcu');
insert into user (id, firstname, lastname, email, password) values (14, 'Ardeen', 'Laydel', 'alaydeld@google.fr', '$2a$12$uxbx2iPR6tuzsqyfcRo0N.26EEdsedgNOs7KXe3SMxuWslGlZMEcu');
insert into user (id, firstname, lastname, email, password) values (15, 'Hilliard', 'Coakley', 'hcoakleye@kickstarter.com', '$2a$12$uxbx2iPR6tuzsqyfcRo0N.26EEdsedgNOs7KXe3SMxuWslGlZMEcu');
insert into user (id, firstname, lastname, email, password) values (16, 'Larine', 'Grinnov', 'lgrinnovf@java.com', '$2a$12$uxbx2iPR6tuzsqyfcRo0N.26EEdsedgNOs7KXe3SMxuWslGlZMEcu');
insert into user (id, firstname, lastname, email, password) values (17, 'Ritchie', 'Walentynowicz', 'rwalentynowiczg@surveymonkey.com', '$2a$12$uxbx2iPR6tuzsqyfcRo0N.26EEdsedgNOs7KXe3SMxuWslGlZMEcu');
insert into user (id, firstname, lastname, email, password) values (18, 'Dierdre', 'Gomersall', 'dgomersallh@ning.com', '$2a$12$uxbx2iPR6tuzsqyfcRo0N.26EEdsedgNOs7KXe3SMxuWslGlZMEcu');
insert into user (id, firstname, lastname, email, password) values (19, 'Ilyssa', 'Shallo', 'ishalloi@squarespace.com', '$2a$12$uxbx2iPR6tuzsqyfcRo0N.26EEdsedgNOs7KXe3SMxuWslGlZMEcu');
insert into user (id, firstname, lastname, email, password) values (20, 'Hobard', 'Zanassi', 'hzanassij@yelp.com', '$2a$12$uxbx2iPR6tuzsqyfcRo0N.26EEdsedgNOs7KXe3SMxuWslGlZMEcu');

insert into article (id, poster_id, body, title, datetime) values (1, 16, 'nisl nunc rhoncus dui vel sem sed sagittis nam congue', 'sapien sapien', '2016-09-10 22:59:51');
insert into article (id, poster_id, body, title, datetime) values (2, 12, 'augue luctus tincidunt nulla mollis molestie lorem quisque ut erat curabitur gravida nisi at nibh in hac habitasse', 'non velit', '2017-01-08 07:44:09');
insert into article (id, poster_id, body, title, datetime) values (3, 8, 'pellentesque at nulla suspendisse potenti cras in purus eu magna vulputate luctus', 'ornare consequat', '2017-05-24 15:22:29');
insert into article (id, poster_id, body, title, datetime) values (4, 19, 'nullam varius nulla facilisi cras non velit nec nisi vulputate nonummy maecenas tincidunt lacus', 'iaculis', '2017-01-01 07:03:48');
insert into article (id, poster_id, body, title, datetime) values (5, 14, 'lectus suspendisse potenti in eleifend quam a odio in hac habitasse platea dictumst maecenas ut massa', 'est', '2017-02-21 13:53:40');
insert into article (id, poster_id, body, title, datetime) values (6, 19, 'sit amet consectetuer adipiscing elit proin interdum mauris non ligula pellentesque ultrices phasellus id', 'arcu adipiscing', '2016-12-31 22:51:14');
insert into article (id, poster_id, body, title, datetime) values (7, 6, 'mauris vulputate elementum nullam varius nulla facilisi cras non velit nec nisi vulputate nonummy maecenas tincidunt lacus at velit vivamus', 'nam nulla', '2017-01-17 05:18:28');
insert into article (id, poster_id, body, title, datetime) values (8, 18, 'in faucibus orci luctus et ultrices posuere cubilia curae nulla', 'rhoncus sed vestibulum', '2017-04-26 21:45:10');
insert into article (id, poster_id, body, title, datetime) values (9, 20, 'arcu adipiscing molestie hendrerit at vulputate vitae nisl aenean lectus pellentesque', 'cras mi pede', '2017-01-19 12:27:57');
insert into article (id, poster_id, body, title, datetime) values (10, 18, 'consequat metus sapien ut nunc vestibulum ante ipsum primis in faucibus orci luctus et ultrices posuere', 'vulputate nonummy', '2016-10-05 17:05:53');
insert into article (id, poster_id, body, title, datetime) values (11, 5, 'nulla eget eros elementum pellentesque quisque porta volutpat erat quisque erat eros viverra eget congue', 'ut nunc vestibulum', '2017-05-01 00:33:40');
insert into article (id, poster_id, body, title, datetime) values (12, 19, 'curae mauris viverra diam vitae quam suspendisse potenti nullam porttitor lacus at', 'vel augue', '2016-09-13 12:25:55');
insert into article (id, poster_id, body, title, datetime) values (13, 2, 'suspendisse potenti in eleifend quam a odio in hac habitasse platea dictumst maecenas ut massa quis augue luctus tincidunt nulla', 'tincidunt lacus', '2016-06-16 17:37:19');
insert into article (id, poster_id, body, title, datetime) values (14, 17, 'dapibus duis at velit eu est congue elementum in hac habitasse platea dictumst morbi vestibulum velit id pretium iaculis diam', 'ante', '2017-04-05 20:20:47');
insert into article (id, poster_id, body, title, datetime) values (15, 18, 'justo lacinia eget tincidunt eget tempus vel pede morbi porttitor lorem id ligula suspendisse ornare consequat lectus', 'eget massa', '2017-05-07 02:37:32');
insert into article (id, poster_id, body, title, datetime) values (16, 2, 'risus dapibus augue vel accumsan tellus nisi eu orci mauris lacinia sapien quis libero nullam sit amet turpis', 'velit nec nisi', '2017-01-25 00:25:24');
insert into article (id, poster_id, body, title, datetime) values (17, 17, 'molestie sed justo pellentesque viverra pede ac diam cras pellentesque volutpat', 'congue etiam', '2016-06-11 17:50:36');
insert into article (id, poster_id, body, title, datetime) values (18, 4, 'pede libero quis orci nullam molestie nibh in lectus pellentesque at nulla suspendisse', 'rutrum nulla', '2017-03-26 21:33:44');
insert into article (id, poster_id, body, title, datetime) values (19, 7, 'sit amet nulla quisque arcu libero rutrum ac lobortis vel dapibus', 'venenatis', '2017-04-24 05:04:27');
insert into article (id, poster_id, body, title, datetime) values (20, 12, 'primis in faucibus orci luctus et ultrices posuere cubilia curae duis faucibus accumsan', 'mi in', '2016-06-30 14:02:03');
insert into article (id, poster_id, body, title, datetime) values (21, 16, 'neque libero convallis eget eleifend luctus ultricies eu nibh quisque', 'massa id nisl', '2016-12-14 09:22:54');
insert into article (id, poster_id, body, title, datetime) values (22, 5, 'odio odio elementum eu interdum eu tincidunt in leo maecenas pulvinar lobortis est', 'quam', '2016-07-16 17:58:55');
insert into article (id, poster_id, body, title, datetime) values (23, 9, 'tellus nulla ut erat id mauris vulputate elementum nullam varius nulla facilisi cras non velit', 'et eros vestibulum', '2017-01-26 16:43:22');
insert into article (id, poster_id, body, title, datetime) values (24, 17, 'mattis nibh ligula nec sem duis aliquam convallis nunc proin at turpis', 'sapien iaculis congue', '2016-10-22 00:08:13');
insert into article (id, poster_id, body, title, datetime) values (25, 14, 'eleifend donec ut dolor morbi vel lectus in quam fringilla rhoncus mauris enim leo rhoncus sed', 'vitae nisi nam', '2016-07-02 15:10:50');
insert into article (id, poster_id, body, title, datetime) values (26, 8, 'etiam pretium iaculis justo in hac habitasse platea dictumst etiam faucibus cursus urna ut tellus nulla ut erat', 'natoque', '2017-05-03 19:52:16');
insert into article (id, poster_id, body, title, datetime) values (27, 5, 'platea dictumst etiam faucibus cursus urna ut tellus nulla ut erat id mauris vulputate elementum nullam varius nulla', 'hac', '2017-03-22 09:32:57');
insert into article (id, poster_id, body, title, datetime) values (28, 12, 'sit amet consectetuer adipiscing elit proin interdum mauris non ligula pellentesque ultrices phasellus id sapien in sapien iaculis congue', 'eros viverra eget', '2017-05-24 04:26:40');
insert into article (id, poster_id, body, title, datetime) values (29, 5, 'vehicula consequat morbi a ipsum integer a nibh in quis justo maecenas rhoncus', 'magna', '2016-08-08 17:24:19');
insert into article (id, poster_id, body, title, datetime) values (30, 14, 'sed ante vivamus tortor duis mattis egestas metus aenean fermentum donec ut mauris eget massa tempor convallis nulla neque libero', 'a', '2016-09-28 00:35:32');

insert into comment (id, poster_id, article_id, body, datetime, title) values (1, 4, 26, 'est et tempus semper est quam pharetra magna ac', '2016-10-12 14:49:36', 'Visionary');
insert into comment (id, poster_id, article_id, body, datetime, title) values (2, 14, 30, 'velit id pretium iaculis diam erat fermentum', '2017-02-18 14:19:45', 'value-added');
insert into comment (id, poster_id, article_id, body, datetime, title) values (3, 19, 29, 'vitae ipsum aliquam non mauris', '2016-06-04 16:09:35', 'hybrid');
insert into comment (id, poster_id, article_id, body, datetime, title) values (4, 18, 17, 'quam sollicitudin vitae consectetuer eget rutrum at', '2016-07-15 22:15:26', 'matrix');
insert into comment (id, poster_id, article_id, body, datetime, title) values (5, 11, 10, 'quisque id justo sit amet sapien dignissim vestibulum', '2016-06-03 05:04:18', 'Proactive');
insert into comment (id, poster_id, article_id, body, datetime, title) values (6, 6, 5, 'pretium nisl ut volutpat sapien arcu sed', '2017-04-09 12:56:31', 'time-frame');
insert into comment (id, poster_id, article_id, body, datetime, title) values (7, 2, 15, 'leo rhoncus sed vestibulum sit', '2016-11-17 01:19:00', 'task-force');
insert into comment (id, poster_id, article_id, body, datetime, title) values (8, 7, 4, 'interdum mauris non ligula pellentesque ultrices phasellus id sapien', '2016-12-23 11:04:44', 'local area network');
insert into comment (id, poster_id, article_id, body, datetime, title) values (9, 2, 12, 'vestibulum sed magna at nunc commodo placerat', '2016-10-09 20:31:11', 'ability');
insert into comment (id, poster_id, article_id, body, datetime, title) values (10, 20, 29, 'dignissim vestibulum vestibulum ante ipsum primis in faucibus orci', '2017-05-21 13:27:19', 'Programmable');
insert into comment (id, poster_id, article_id, body, datetime, title) values (11, 16, 21, 'sit amet lobortis sapien sapien non mi integer ac', '2016-06-25 07:58:37', 'Assimilated');
insert into comment (id, poster_id, article_id, body, datetime, title) values (12, 3, 15, 'lorem integer tincidunt ante vel ipsum praesent blandit lacinia erat', '2016-12-18 02:52:08', '3rd generation');
insert into comment (id, poster_id, article_id, body, datetime, title) values (13, 20, 13, 'morbi a ipsum integer a nibh', '2016-08-03 10:12:02', 'approach');
insert into comment (id, poster_id, article_id, body, datetime, title) values (14, 1, 11, 'sapien sapien non mi integer ac neque duis', '2016-06-08 23:02:16', 'circuit');
insert into comment (id, poster_id, article_id, body, datetime, title) values (15, 19, 6, 'nisl venenatis lacinia aenean sit', '2016-06-06 18:17:06', 'encoding');
insert into comment (id, poster_id, article_id, body, datetime, title) values (16, 7, 26, 'id nisl venenatis lacinia aenean sit amet justo', '2016-07-26 19:54:50', 'open system');
insert into comment (id, poster_id, article_id, body, datetime, title) values (17, 2, 5, 'duis bibendum morbi non quam nec dui luctus', '2016-08-20 14:09:02', 'Re-engineered');
insert into comment (id, poster_id, article_id, body, datetime, title) values (18, 3, 19, 'semper est quam pharetra magna ac consequat', '2016-07-21 18:02:09', 'intranet');
insert into comment (id, poster_id, article_id, body, datetime, title) values (19, 6, 25, 'congue eget semper rutrum nulla nunc purus phasellus in', '2016-11-03 20:27:35', 'array');
insert into comment (id, poster_id, article_id, body, datetime, title) values (20, 11, 27, 'auctor sed tristique in tempus sit amet sem fusce', '2016-10-10 01:21:05', 'success');
insert into comment (id, poster_id, article_id, body, datetime, title) values (21, 12, 3, 'leo odio condimentum id luctus nec molestie sed', '2016-11-30 08:53:24', 'success');
insert into comment (id, poster_id, article_id, body, datetime, title) values (22, 19, 12, 'odio cras mi pede malesuada in imperdiet et', '2016-11-30 09:14:47', 'local');
insert into comment (id, poster_id, article_id, body, datetime, title) values (23, 14, 26, 'ligula pellentesque ultrices phasellus id sapien', '2016-09-08 08:11:29', 'scalable');
insert into comment (id, poster_id, article_id, body, datetime, title) values (24, 16, 11, 'enim lorem ipsum dolor sit amet consectetuer adipiscing elit proin', '2016-07-28 17:58:05', 'Configurable');
insert into comment (id, poster_id, article_id, body, datetime, title) values (25, 17, 26, 'varius integer ac leo pellentesque ultrices mattis odio', '2016-11-12 04:02:54', 'emulation');
insert into comment (id, poster_id, article_id, body, datetime, title) values (26, 19, 8, 'arcu libero rutrum ac lobortis vel', '2017-03-29 19:29:28', 'Upgradable');
insert into comment (id, poster_id, article_id, body, datetime, title) values (27, 20, 4, 'magna vulputate luctus cum sociis natoque penatibus et magnis', '2017-01-19 16:14:54', 'modular');
insert into comment (id, poster_id, article_id, body, datetime, title) values (28, 20, 19, 'mattis nibh ligula nec sem duis aliquam convallis nunc proin', '2017-01-27 22:55:19', 'homogeneous');
insert into comment (id, poster_id, article_id, body, datetime, title) values (29, 7, 13, 'odio in hac habitasse platea dictumst maecenas ut massa quis', '2016-07-22 11:45:18', 'infrastructure');
insert into comment (id, poster_id, article_id, body, datetime, title) values (30, 10, 2, 'dui vel nisl duis ac nibh fusce lacus purus', '2016-08-12 01:10:41', 'framework');
insert into comment (id, poster_id, article_id, body, datetime, title) values (31, 19, 24, 'odio donec vitae nisi nam ultrices libero non', '2016-06-30 05:40:16', 'success');
insert into comment (id, poster_id, article_id, body, datetime, title) values (32, 18, 22, 'dapibus augue vel accumsan tellus nisi eu orci mauris lacinia', '2016-12-13 12:31:04', 'knowledge user');
insert into comment (id, poster_id, article_id, body, datetime, title) values (33, 2, 28, 'cursus id turpis integer aliquet massa id lobortis convallis', '2016-11-12 13:48:52', 'Inverse');
insert into comment (id, poster_id, article_id, body, datetime, title) values (34, 16, 2, 'libero quis orci nullam molestie', '2017-03-05 18:24:55', 'groupware');
insert into comment (id, poster_id, article_id, body, datetime, title) values (35, 6, 29, 'cubilia curae mauris viverra diam vitae quam', '2016-11-22 22:55:01', 'zero administration');
insert into comment (id, poster_id, article_id, body, datetime, title) values (36, 5, 21, 'ac nibh fusce lacus purus aliquet at feugiat non', '2017-04-09 10:43:08', 'installation');
insert into comment (id, poster_id, article_id, body, datetime, title) values (37, 12, 3, 'mi in porttitor pede justo eu massa donec dapibus', '2016-09-08 06:55:21', 'empowering');
insert into comment (id, poster_id, article_id, body, datetime, title) values (38, 6, 16, 'vehicula condimentum curabitur in libero ut massa volutpat', '2016-09-25 11:44:39', 'Quality-focused');
insert into comment (id, poster_id, article_id, body, datetime, title) values (39, 19, 8, 'imperdiet et commodo vulputate justo in blandit ultrices enim', '2017-01-10 00:38:26', 'Polarised');
insert into comment (id, poster_id, article_id, body, datetime, title) values (40, 19, 2, 'augue vestibulum ante ipsum primis in faucibus', '2016-07-21 22:10:19', 'orchestration');